student_id,full_name,gender,dept_id,batch_year,high_school_gpa,commute_distance_km,create_date
ST_2019_D001_001,Aryan Maharaj,Female,D001,2019-2023,7.44,27.6,04-02-2026
ST_2019_D001_002,Udant Dewan,Male,D001,2019-2023,9.59,43.8,04-02-2026
ST_2019_D001_003,Gagan Sami,Female,D001,2019-2023,7.51,37.5,04-02-2026
ST_2019_D001_004,Ayushman Chander,Female,D001,2019-2023,8.47,26.4,04-02-2026
ST_2019_D001_005,Viraj Tiwari,Male,D001,2019-2023,8.82,30.1,04-02-2026
ST_2019_D001_006,Rushil Saini,Male,D001,2019-2023,9.09,380.6,04-02-2026
ST_2019_D001_007,Saumya Mall,Female,D001,2019-2023,9.47,13.2,04-02-2026
ST_2019_D001_008,Nathaniel Sami,Female,D001,2019-2023,9.05,16.6,04-02-2026
ST_2019_D001_009,Arunima Dugal,Male,D001,2019-2023,8.68,27.8,04-02-2026
ST_2019_D001_010,Gayathri Chaudry,Male,D001,2019-2023,6.68,8.2,04-02-2026
ST_2019_D001_011,Lajita Chatterjee,Male,D001,2019-2023,7.52,31.1,04-02-2026
ST_2019_D001_012,Hemangini Lalla,Male,D001,2019-2023,9.66,37.2,04-02-2026
ST_2019_D001_013,Tripti Yadav,Male,D001,2019-2023,9.1,10.3,04-02-2026
ST_2019_D001_014,Kritika Brar,Female,D001,2019-2023,9.77,10.4,04-02-2026
ST_2019_D001_015,Janaki Handa,Female,D001,2019-2023,8,7.3,04-02-2026
ST_2019_D001_016,Chakradev Kari,Female,D001,2019-2023,6.56,33.9,04-02-2026
ST_2019_D001_017,Fariq Kaul,Female,D001,2019-2023,7.71,16.9,04-02-2026
ST_2019_D001_018,Lajita Mall,Male,D001,2019-2023,9.99,23.4,04-02-2026
ST_2019_D001_019,Janya Gaba,Male,D001,2019-2023,6.36,38.9,04-02-2026
ST_2019_D001_020,Isha Kadakia,Male,D001,2019-2023,6.61,35.9,04-02-2026
ST_2019_D001_021,Ekbal Garg,Male,D001,2019-2023,7.69,17.9,04-02-2026
ST_2019_D001_022,Nihal Shere,Female,D001,2019-2023,8.38,24.3,04-02-2026
ST_2019_D001_023,Anamika Kanda,Male,D001,2019-2023,9.88,30.9,04-02-2026
ST_2019_D001_024,Daksh Karnik,Female,D001,2019-2023,6.46,34.8,04-02-2026
ST_2019_D001_025,Diya Rattan,Female,D001,2019-2023,7.36,200.1,04-02-2026
ST_2019_D001_026,Dominic Kakar,Female,D001,2019-2023,7.81,43.8,04-02-2026
ST_2019_D001_027,Simon Tata,Male,D001,2019-2023,9.05,39.3,04-02-2026
ST_2019_D001_028,Tara Dhar,Male,D001,2019-2023,7.19,7.7,04-02-2026
ST_2019_D001_029,Liam Koshy,Male,D001,2019-2023,9.05,27.4,04-02-2026
ST_2019_D001_030,Priya Rastogi,Male,D001,2019-2023,7.95,410.9,04-02-2026
ST_2019_D001_031,Theodore Devi,Female,D001,2019-2023,9.51,11.5,04-02-2026
ST_2019_D001_032,Gavin Batta,Male,D001,2019-2023,6.96,4.8,04-02-2026
ST_2019_D001_033,Michael Dutta,Male,D001,2019-2023,7.94,44,04-02-2026
ST_2019_D001_034,Devansh Rajan,Female,D001,2019-2023,8.69,42.7,04-02-2026
ST_2019_D001_035,Upadhriti Wadhwa,Female,D001,2019-2023,9.29,43.4,04-02-2026
ST_2019_D001_036,Advay Contractor,Male,D001,2019-2023,9.63,32.4,04-02-2026
ST_2019_D001_037,Harini Choudhury,Female,D001,2019-2023,7.6,20.3,04-02-2026
ST_2019_D001_038,Radhika Dugar,Male,D001,2019-2023,8.07,11.9,04-02-2026
ST_2019_D001_039,Aarush Lall,Male,D001,2019-2023,6.26,26.9,04-02-2026
ST_2019_D001_040,Yashica Cherian,Male,D001,2019-2023,6.92,1.3,04-02-2026
ST_2019_D001_041,Yashica Issac,Male,D001,2019-2023,8.83,11.1,04-02-2026
ST_2019_D001_042,Kashvi Edwin,Female,D001,2019-2023,9.62,4.1,04-02-2026
ST_2019_D001_043,Ekiya Suresh,Female,D001,2019-2023,6.95,10.4,04-02-2026
ST_2019_D001_044,Isaac Patil,Female,D001,2019-2023,9.9,11.7,04-02-2026
ST_2019_D001_045,Wriddhish Bhardwaj,Female,D001,2019-2023,7.89,9.4,04-02-2026
ST_2019_D001_046,Farhan Chada,Female,D001,2019-2023,6.39,16.6,04-02-2026
ST_2019_D001_047,Ekapad Walia,Male,D001,2019-2023,7.64,30.6,04-02-2026
ST_2019_D001_048,Kabir Soman,Male,D001,2019-2023,9.94,3.7,04-02-2026
ST_2019_D001_049,Alka Wable,Male,D001,2019-2023,8.91,11.9,04-02-2026
ST_2019_D001_050,Siddharth Zacharia,Female,D001,2019-2023,6.76,7.2,04-02-2026
ST_2019_D001_051,Devika Rastogi,Male,D001,2019-2023,9.19,20.5,04-02-2026
ST_2019_D001_052,Raksha Varughese,Male,D001,2019-2023,9.45,3.2,04-02-2026
ST_2019_D001_053,Jai Kota,Male,D001,2019-2023,9.75,410.8,04-02-2026
ST_2019_D001_054,Devansh Nigam,Female,D001,2019-2023,8.75,22.2,04-02-2026
ST_2019_D001_055,Victor Kannan,Male,D001,2019-2023,9.46,8.2,04-02-2026
ST_2019_D001_056,Ekavir Bhargava,Female,D001,2019-2023,9.09,130.6,04-02-2026
ST_2019_D001_057,Ekansh Balay,Female,D001,2019-2023,8.79,7.8,04-02-2026
ST_2019_D001_058,Ekavir Varkey,Male,D001,2019-2023,7.19,26.5,04-02-2026
ST_2019_D001_059,Arya Sunder,Female,D001,2019-2023,8.17,3.5,04-02-2026
ST_2019_D001_060,Kevin Solanki,Male,D001,2019-2023,8.34,3.5,04-02-2026
ST_2019_D002_001,Urvashi Ray,Male,D002,2019-2023,8.03,4,04-02-2026
ST_2019_D002_002,Girindra Chatterjee,Male,D002,2019-2023,6.27,18.8,04-02-2026
ST_2019_D002_003,Irya Sampath,Male,D002,2019-2023,9.35,28.3,04-02-2026
ST_2019_D002_004,Unni Bhagat,Female,D002,2019-2023,7.68,42.1,04-02-2026
ST_2019_D002_005,Darsh Rau,Female,D002,2019-2023,6.82,11.5,04-02-2026
ST_2019_D002_006,Ikbal Kothari,Female,D002,2019-2023,7.58,21.1,04-02-2026
ST_2019_D002_007,Ranveer Yadav,Male,D002,2019-2023,9.72,1.4,04-02-2026
ST_2019_D002_008,Logan Sami,Male,D002,2019-2023,9.34,4.2,04-02-2026
ST_2019_D002_009,Arya Shere,Female,D002,2019-2023,6.85,6.8,04-02-2026
ST_2019_D002_010,Faqid Savant,Male,D002,2019-2023,8.6,17.3,04-02-2026
ST_2019_D002_011,Chandresh Zachariah,Female,D002,2019-2023,6.63,27.9,04-02-2026
ST_2019_D002_012,Girik Khalsa,Male,D002,2019-2023,9.95,30.4,04-02-2026
ST_2019_D002_013,Niharika Sunder,Male,D002,2019-2023,8.22,42.3,04-02-2026
ST_2019_D002_014,Tanay Rattan,Male,D002,2019-2023,8.67,33.7,04-02-2026
ST_2019_D002_015,Nitesh Raghavan,Female,D002,2019-2023,6.62,27.6,04-02-2026
ST_2019_D002_016,Madhavi Lanka,Male,D002,2019-2023,8.87,31.2,04-02-2026
ST_2019_D002_017,Bhavika Sampath,Female,D002,2019-2023,9.41,12,04-02-2026
ST_2019_D002_018,Mohammed Gupta,Male,D002,2019-2023,9.63,5.1,04-02-2026
ST_2019_D002_019,Teerth Bhardwaj,Female,D002,2019-2023,7.69,2.9,04-02-2026
ST_2019_D002_020,Dipta Bhandari,Male,D002,2019-2023,7.33,29,04-02-2026
ST_2019_D002_021,Vansha Thakkar,Female,D002,2019-2023,9.61,250.7,04-02-2026
ST_2019_D002_022,Dakshesh Trivedi,Male,D002,2019-2023,6.45,25,04-02-2026
ST_2019_D002_023,Quincy Biswas,Male,D002,2019-2023,9.34,19.9,04-02-2026
ST_2019_D002_024,Wahab Raval,Female,D002,2019-2023,6.17,40.6,04-02-2026
ST_2019_D002_025,Yatin Baral,Male,D002,2019-2023,9.18,40.6,04-02-2026
ST_2019_D002_026,Oni Virk,Male,D002,2019-2023,6.84,30.3,04-02-2026
ST_2019_D002_027,Advika Jayaraman,Female,D002,2019-2023,7.41,43.8,04-02-2026
ST_2019_D002_028,William Lanka,Male,D002,2019-2023,9,39,04-02-2026
ST_2019_D002_029,Karan Mital,Female,D002,2019-2023,9.72,2.1,04-02-2026
ST_2019_D002_030,Diya Bora,Female,D002,2019-2023,8.95,35.4,04-02-2026
ST_2019_D002_031,Tara Chaudhry,Male,D002,2019-2023,7.65,120.7,04-02-2026
ST_2019_D002_032,Tanay Toor,Male,D002,2019-2023,9.15,17.8,04-02-2026
ST_2019_D002_033,Kevin Palla,Female,D002,2019-2023,6.15,10.8,04-02-2026
ST_2019_D002_034,Yash Pingle,Female,D002,2019-2023,9.27,16.4,04-02-2026
ST_2019_D002_035,Nakul Sarma,Male,D002,2019-2023,9.28,10.8,04-02-2026
ST_2019_D002_036,Abhiram Mistry,Female,D002,2019-2023,8.64,15.4,04-02-2026
ST_2019_D002_037,Krish Lalla,Female,D002,2019-2023,9.46,16.5,04-02-2026
ST_2019_D002_038,Hredhaan Dugal,Female,D002,2019-2023,8.04,42.3,04-02-2026
ST_2019_D002_039,Baghyawati Kade,Female,D002,2019-2023,6.46,8.9,04-02-2026
ST_2019_D002_040,Samar Lalla,Female,D002,2019-2023,9.85,2.7,04-02-2026
ST_2019_D002_041,Zayan Behl,Female,D002,2019-2023,8.39,330.1,04-02-2026
ST_2019_D002_042,Pallavi Malhotra,Male,D002,2019-2023,7.25,17.9,04-02-2026
ST_2019_D002_043,Aarush Nath,Female,D002,2019-2023,8.31,3,04-02-2026
ST_2019_D002_044,Adweta Edwin,Male,D002,2019-2023,7.74,17,04-02-2026
ST_2019_D002_045,Prisha Andra,Female,D002,2019-2023,9.5,28.4,04-02-2026
ST_2019_D003_001,Faqid Dixit,Male,D003,2019-2023,8.65,32.7,04-02-2026
ST_2019_D003_002,Kala Divan,Female,D003,2019-2023,7.2,30.3,04-02-2026
ST_2019_D003_003,Joshua Barman,Female,D003,2019-2023,7.3,25.4,04-02-2026
ST_2019_D003_004,Janya Baral,Female,D003,2019-2023,6.77,30.8,04-02-2026
ST_2019_D003_005,Shivansh Krish,Female,D003,2019-2023,9.61,18.9,04-02-2026
ST_2019_D003_006,Irya Ray,Female,D003,2019-2023,9.33,13.6,04-02-2026
ST_2019_D003_007,Warjas Gaba,Female,D003,2019-2023,7.72,21.5,04-02-2026
ST_2019_D003_008,Nitara Bakshi,Female,D003,2019-2023,8.82,350.9,04-02-2026
ST_2019_D003_009,Gaurangi Sabharwal,Male,D003,2019-2023,9.6,13.5,04-02-2026
ST_2019_D003_010,Amara Dutta,Female,D003,2019-2023,8.66,5.1,04-02-2026
ST_2019_D003_011,Lavanya Barad,Female,D003,2019-2023,8.85,10.9,04-02-2026
ST_2019_D003_012,Tristan Iyengar,Male,D003,2019-2023,8.54,44.3,04-02-2026
ST_2019_D003_013,Inaya Mody,Male,D003,2019-2023,8.45,21,04-02-2026
ST_2019_D003_014,Udant Bajwa,Female,D003,2019-2023,9.36,22.8,04-02-2026
ST_2019_D003_015,Mohini Narasimhan,Male,D003,2019-2023,6.98,40.3,04-02-2026
ST_2019_D003_016,Ekaraj Mallick,Female,D003,2019-2023,9.83,10.6,04-02-2026
ST_2019_D003_017,Yashodhara Ratta,Female,D003,2019-2023,9.54,3.2,04-02-2026
ST_2019_D003_018,Ayaan D’Alia,Male,D003,2019-2023,7,21.1,04-02-2026
ST_2019_D003_019,Pranav Lanka,Female,D003,2019-2023,9.21,42.8,04-02-2026
ST_2019_D003_020,Ikbal Saraf,Female,D003,2019-2023,9.57,37.5,04-02-2026
ST_2019_D003_021,Dipta Sarin,Male,D003,2019-2023,8.19,33.7,04-02-2026
ST_2019_D003_022,Lekha Gupta,Male,D003,2019-2023,8.89,38,04-02-2026
ST_2019_D003_023,Chaitanya Sarin,Female,D003,2019-2023,9.67,28.6,04-02-2026
ST_2019_D003_024,Zinal Yohannan,Male,D003,2019-2023,7.1,32.4,04-02-2026
ST_2019_D003_025,Januja Sankar,Female,D003,2019-2023,6.94,15.1,04-02-2026
ST_2019_D003_026,Ganga Murthy,Male,D003,2019-2023,8.16,7.6,04-02-2026
ST_2019_D003_027,Charita Tripathi,Male,D003,2019-2023,7.53,32.1,04-02-2026
ST_2019_D003_028,Nilima Narain,Female,D003,2019-2023,6.26,15.6,04-02-2026
ST_2019_D003_029,Chakrika Datta,Male,D003,2019-2023,7.86,10.1,04-02-2026
ST_2019_D003_030,Osha Raghavan,Male,D003,2019-2023,9.86,38.7,04-02-2026
ST_2019_D004_001,Charvi Ravi,Female,D004,2019-2023,9.06,22,04-02-2026
ST_2019_D004_002,Daksha Mangat,Female,D004,2019-2023,9.77,34.2,04-02-2026
ST_2019_D004_003,Qushi Nagy,Female,D004,2019-2023,9.41,24.7,04-02-2026
ST_2019_D004_004,Riya Sathe,Male,D004,2019-2023,8.94,22.5,04-02-2026
ST_2019_D004_005,Yasti Solanki,Female,D004,2019-2023,9.23,15.8,04-02-2026
ST_2019_D004_006,Frado Mander,Male,D004,2019-2023,9.11,38,04-02-2026
ST_2019_D004_007,Girik Keer,Male,D004,2019-2023,9.68,40.9,04-02-2026
ST_2019_D004_008,Umang Issac,Male,D004,2019-2023,8.37,4.7,04-02-2026
ST_2019_D004_009,Aryan Batra,Female,D004,2019-2023,7.71,9,04-02-2026
ST_2019_D004_010,Vaishnavi Bora,Female,D004,2019-2023,7.04,10.3,04-02-2026
ST_2019_D004_011,Oeshi Hayer,Female,D004,2019-2023,7.31,13.2,04-02-2026
ST_2019_D004_012,Warda Ratta,Female,D004,2019-2023,9.8,12.1,04-02-2026
ST_2019_D004_013,Manbir Ahluwalia,Male,D004,2019-2023,6.33,34,04-02-2026
ST_2019_D004_014,Pavani Kanda,Female,D004,2019-2023,6.21,10.9,04-02-2026
ST_2019_D004_015,Zarna Shetty,Male,D004,2019-2023,6.27,340.2,04-02-2026
ST_2019_D004_016,Zaid Dara,Male,D004,2019-2023,8.8,28.3,04-02-2026
ST_2019_D004_017,Kiaan Shetty,Female,D004,2019-2023,6.95,30.5,04-02-2026
ST_2019_D004_018,Saanvi Thaman,Male,D004,2019-2023,8.26,210.5,04-02-2026
ST_2019_D004_019,Sanaya Dutt,Female,D004,2019-2023,7.02,8.4,04-02-2026
ST_2019_D004_020,Shivani Lad,Male,D004,2019-2023,9.62,35.2,04-02-2026
ST_2019_D004_021,Aradhana Verma,Female,D004,2019-2023,6.66,5.8,04-02-2026
ST_2019_D004_022,William Maharaj,Female,D004,2019-2023,6.1,26.3,04-02-2026
ST_2019_D004_023,Faras Mangal,Female,D004,2019-2023,9.63,18.5,04-02-2026
ST_2019_D004_024,Anita Nayak,Male,D004,2019-2023,8.86,27.1,04-02-2026
ST_2019_D004_025,Faris Devi,Male,D004,2019-2023,9.32,5.5,04-02-2026
ST_2019_D004_026,Vihaan Rajagopal,Male,D004,2019-2023,9.09,36,04-02-2026
ST_2019_D004_027,Tanish Bhatt,Male,D004,2019-2023,8.26,16.3,04-02-2026
ST_2019_D004_028,Nikita Narayanan,Female,D004,2019-2023,7.71,4,04-02-2026
ST_2019_D004_029,Ojasvi Bhatia,Male,D004,2019-2023,8.59,38.4,04-02-2026
ST_2019_D004_030,Osha Ramachandran,Male,D004,2019-2023,9.29,20.1,04-02-2026
ST_2019_D005_001,Lajita Sood,Female,D005,2019-2023,9.84,32.1,04-02-2026
ST_2019_D005_002,Indira Misra,Female,D005,2019-2023,7.74,28.1,04-02-2026
ST_2019_D005_003,Oni Yohannan,Female,D005,2019-2023,9.68,21.5,04-02-2026
ST_2019_D005_004,Vinaya Kanda,Female,D005,2019-2023,9.3,15.2,04-02-2026
ST_2019_D005_005,Rajata Sunder,Male,D005,2019-2023,6.98,13.3,04-02-2026
ST_2019_D005_006,Lopa Nayar,Female,D005,2019-2023,7.8,26.1,04-02-2026
ST_2019_D005_007,Noah Sibal,Female,D005,2019-2023,8.67,2.3,04-02-2026
ST_2019_D005_008,Avi Ramesh,Male,D005,2019-2023,9.4,22.5,04-02-2026
ST_2019_D005_009,Fiyaz Sangha,Female,D005,2019-2023,7.42,16,04-02-2026
ST_2019_D005_010,Triya Gopal,Female,D005,2019-2023,9.52,25.5,04-02-2026
ST_2019_D005_011,Abha Raghavan,Male,D005,2019-2023,8.07,4.8,04-02-2026
ST_2019_D005_012,Siddharth Sha,Female,D005,2019-2023,8.88,25.4,04-02-2026
ST_2019_D005_013,Geetika Raghavan,Female,D005,2019-2023,6.96,29.4,04-02-2026
ST_2019_D005_014,Oviya Krishnan,Male,D005,2019-2023,9.69,13.9,04-02-2026
ST_2019_D005_015,Upma Bahl,Male,D005,2019-2023,7.62,14.5,04-02-2026
ST_2019_D005_016,Inaya Kapur,Female,D005,2019-2023,8.33,25.4,04-02-2026
ST_2019_D005_017,Banjeet Balasubramanian,Female,D005,2019-2023,7.38,16.5,04-02-2026
ST_2019_D005_018,Ryan Bahri,Male,D005,2019-2023,8.96,6.3,04-02-2026
ST_2019_D005_019,William Date,Male,D005,2019-2023,8.68,9.4,04-02-2026
ST_2019_D005_020,Ishwar Kamdar,Female,D005,2019-2023,8.95,32.9,04-02-2026
ST_2019_D005_021,Aahana Pillay,Female,D005,2019-2023,9.91,44.1,04-02-2026
ST_2019_D005_022,Ishwar Gade,Female,D005,2019-2023,8.94,8.9,04-02-2026
ST_2019_D005_023,Hritik Bal,Male,D005,2019-2023,6.06,13.1,04-02-2026
ST_2019_D005_024,Keya Ranganathan,Female,D005,2019-2023,9.9,31.7,04-02-2026
ST_2019_D005_025,Faqid Kibe,Female,D005,2019-2023,6.51,5.5,04-02-2026
ST_2019_D005_026,Charvi Dara,Female,D005,2019-2023,6.05,21.7,04-02-2026
ST_2019_D005_027,Idika Walia,Male,D005,2019-2023,8.78,12.1,04-02-2026
ST_2019_D005_028,Kamala Biswas,Male,D005,2019-2023,8.67,18.6,04-02-2026
ST_2019_D005_029,Advik Salvi,Male,D005,2019-2023,6.3,7.7,04-02-2026
ST_2019_D005_030,Hitesh Sant,Female,D005,2019-2023,9.24,4.7,04-02-2026
ST_2019_D006_001,Tripti Dua,Female,D006,2019-2023,6.99,27.7,04-02-2026
ST_2019_D006_002,Patrick Vig,Male,D006,2019-2023,9.16,35.1,04-02-2026
ST_2019_D006_003,Veda Shroff,Female,D006,2019-2023,9.86,38.8,04-02-2026
ST_2019_D006_004,Amrita Naidu,Male,D006,2019-2023,8.96,27.8,04-02-2026
ST_2019_D006_005,Gabriel Mallick,Male,D006,2019-2023,8.96,280.5,04-02-2026
ST_2019_D006_006,Yagnesh Shetty,Male,D006,2019-2023,7.06,7.9,04-02-2026
ST_2019_D006_007,Gayathri Balakrishnan,Male,D006,2019-2023,6.7,7.9,04-02-2026
ST_2019_D006_008,Ekta Gopal,Female,D006,2019-2023,7.63,13.8,04-02-2026
ST_2019_D006_009,Simon Pant,Female,D006,2019-2023,9.56,4.1,04-02-2026
ST_2019_D006_010,Harini Mammen,Female,D006,2019-2023,6.93,35.7,04-02-2026
ST_2019_D006_011,Advaith Varughese,Male,D006,2019-2023,8.5,19.7,04-02-2026
ST_2019_D006_012,Frederick Khurana,Male,D006,2019-2023,8.18,41,04-02-2026
ST_2019_D006_013,Vrinda Khosla,Male,D006,2019-2023,9.31,3.6,04-02-2026
ST_2019_D006_014,Vritti Sem,Female,D006,2019-2023,9.17,20.3,04-02-2026
ST_2019_D006_015,Girik Menon,Female,D006,2019-2023,7.87,31.8,04-02-2026
ST_2019_D006_016,Nidhi Kohli,Female,D006,2019-2023,9.77,20.3,04-02-2026
ST_2019_D006_017,Jyoti Solanki,Female,D006,2019-2023,8.39,33.3,04-02-2026
ST_2019_D006_018,Pavani Narayanan,Male,D006,2019-2023,8.41,5,04-02-2026
ST_2019_D006_019,Sudiksha Madan,Male,D006,2019-2023,9.85,45,04-02-2026
ST_2019_D006_020,Zayan Kashyap,Female,D006,2019-2023,8.69,26.4,04-02-2026
ST_2019_D006_021,Reyansh Mutti,Male,D006,2019-2023,9.05,21.7,04-02-2026
ST_2019_D006_022,Qasim Handa,Female,D006,2019-2023,8.61,9,04-02-2026
ST_2019_D006_023,Veda Malhotra,Female,D006,2019-2023,8.34,43.6,04-02-2026
ST_2019_D006_024,Harish Hari,Female,D006,2019-2023,7.88,15.7,04-02-2026
ST_2019_D006_025,Utkarsh Patel,Female,D006,2019-2023,9.79,19.1,04-02-2026
ST_2019_D006_026,Chasmum Atwal,Female,D006,2019-2023,7.98,36.8,04-02-2026
ST_2019_D006_027,Anusha Bath,Female,D006,2019-2023,8.2,4.9,04-02-2026
ST_2019_D006_028,Brinda Date,Male,D006,2019-2023,7.01,43.7,04-02-2026
ST_2019_D006_029,Harshil Arora,Male,D006,2019-2023,7.62,29.9,04-02-2026
ST_2019_D006_030,Upasna Srinivas,Female,D006,2019-2023,8.17,3.4,04-02-2026
ST_2019_D006_031,Harini Gour,Female,D006,2019-2023,8.07,28.5,04-02-2026
ST_2019_D006_032,Zayyan Sridhar,Male,D006,2019-2023,8.81,41.8,04-02-2026
ST_2019_D006_033,Dhruv Rattan,Female,D006,2019-2023,7.75,6.3,04-02-2026
ST_2019_D006_034,Ethan Bera,Male,D006,2019-2023,9.41,32.2,04-02-2026
ST_2019_D006_035,Manthan Modi,Male,D006,2019-2023,7.24,25.3,04-02-2026
ST_2019_D006_036,Yuvraj Dani,Male,D006,2019-2023,6.37,21.3,04-02-2026
ST_2019_D006_037,Upkaar Virk,Male,D006,2019-2023,6.47,22.9,04-02-2026
ST_2019_D006_038,Shravya Savant,Female,D006,2019-2023,8.87,19.3,04-02-2026
ST_2019_D006_039,Pushti Mody,Female,D006,2019-2023,7.93,11.7,04-02-2026
ST_2019_D006_040,Hardik Johal,Female,D006,2019-2023,8.21,9.4,04-02-2026
ST_2019_D006_041,Aishani Bumb,Male,D006,2019-2023,8.4,39,04-02-2026
ST_2019_D006_042,Wriddhish Ghose,Female,D006,2019-2023,7.1,16,04-02-2026
ST_2019_D006_043,Naksh Agate,Female,D006,2019-2023,9.15,37.1,04-02-2026
ST_2019_D006_044,Shravya Singhal,Female,D006,2019-2023,7.13,37.8,04-02-2026
ST_2019_D006_045,Bachittar Kata,Female,D006,2019-2023,8.32,39.1,04-02-2026
ST_2020_D001_001,Barkha Setty,Female,D001,2020-2024,9.23,25.3,04-02-2026
ST_2020_D001_002,Vivaan Lalla,Female,D001,2020-2024,9.18,390.3,04-02-2026
ST_2020_D001_003,Pavani Contractor,Female,D001,2020-2024,8.86,11.3,04-02-2026
ST_2020_D001_004,Manthan Lata,Male,D001,2020-2024,9.1,15,04-02-2026
ST_2020_D001_005,Ekbal Bhasin,Female,D001,2020-2024,7.89,18,04-02-2026
ST_2020_D001_006,Damyanti Mani,Male,D001,2020-2024,9.73,22.8,04-02-2026
ST_2020_D001_007,Jeet Sidhu,Female,D001,2020-2024,6.15,39.3,04-02-2026
ST_2020_D001_008,Neha Magar,Female,D001,2020-2024,9.16,1.7,04-02-2026
ST_2020_D001_009,Raksha Buch,Male,D001,2020-2024,9.81,4.3,04-02-2026
ST_2020_D001_010,Rachana Naidu,Female,D001,2020-2024,8.9,29.6,04-02-2026
ST_2020_D001_011,Atharv Chand,Female,D001,2020-2024,9.41,43,04-02-2026
ST_2020_D001_012,Ansh Luthra,Female,D001,2020-2024,8.51,39.4,04-02-2026
ST_2020_D001_013,Parth Singhal,Female,D001,2020-2024,8.6,44.9,04-02-2026
ST_2020_D001_014,Arunima Golla,Female,D001,2020-2024,8.99,44,04-02-2026
ST_2020_D001_015,Vyanjana Chand,Male,D001,2020-2024,9.04,20.5,04-02-2026
ST_2020_D001_016,Ijaya Rege,Male,D001,2020-2024,8.78,3,04-02-2026
ST_2020_D001_017,Ekani Cheema,Female,D001,2020-2024,8.94,20,04-02-2026
ST_2020_D001_018,Forum Sabharwal,Female,D001,2020-2024,6.98,25.9,04-02-2026
ST_2020_D001_019,Bhavya Rattan,Male,D001,2020-2024,9.17,8.7,04-02-2026
ST_2020_D001_020,Suhani Chakrabarti,Female,D001,2020-2024,8.44,28.3,04-02-2026
ST_2020_D001_021,Zayyan Naik,Male,D001,2020-2024,6.96,11.2,04-02-2026
ST_2020_D001_022,Netra Varkey,Male,D001,2020-2024,9.19,40.6,04-02-2026
ST_2020_D001_023,Turvi Sachdev,Female,D001,2020-2024,7.86,30.8,04-02-2026
ST_2020_D001_024,Raghav Vasa,Female,D001,2020-2024,6.63,42.6,04-02-2026
ST_2020_D001_025,Wishi Sathe,Female,D001,2020-2024,8.95,31.4,04-02-2026
ST_2020_D001_026,Samar Loke,Female,D001,2020-2024,7.83,9.8,04-02-2026
ST_2020_D001_027,Bhavna Sarma,Female,D001,2020-2024,7.54,5.7,04-02-2026
ST_2020_D001_028,Jairaj Balakrishnan,Female,D001,2020-2024,7.53,26.3,04-02-2026
ST_2020_D001_029,Nathan Mukhopadhyay,Female,D001,2020-2024,9.97,2,04-02-2026
ST_2020_D001_030,Nikita Chander,Female,D001,2020-2024,9.32,13.1,04-02-2026
ST_2020_D001_031,Ishaan Shenoy,Male,D001,2020-2024,9.53,41.1,04-02-2026
ST_2020_D001_032,Mitesh Tara,Female,D001,2020-2024,9.75,35.1,04-02-2026
ST_2020_D001_033,Yashodhara Mahajan,Male,D001,2020-2024,9.7,29,04-02-2026
ST_2020_D001_034,Vasudha Sodhi,Male,D001,2020-2024,9.52,28.6,04-02-2026
ST_2020_D001_035,Tanmayi Dhillon,Male,D001,2020-2024,9.61,14.6,04-02-2026
ST_2020_D001_036,Rayaan Trivedi,Female,D001,2020-2024,7.76,33.2,04-02-2026
ST_2020_D001_037,Ekaraj Majumdar,Female,D001,2020-2024,6.36,15.4,04-02-2026
ST_2020_D001_038,Harini Tripathi,Male,D001,2020-2024,7.66,6.8,04-02-2026
ST_2020_D001_039,Aarnav Mandal,Female,D001,2020-2024,8.16,24.4,04-02-2026
ST_2020_D001_040,Vrishti Dixit,Male,D001,2020-2024,9.65,12.3,04-02-2026
ST_2020_D001_041,Veda Pai,Female,D001,2020-2024,9.22,33.8,04-02-2026
ST_2020_D001_042,Krishna Shah,Male,D001,2020-2024,7.35,21.6,04-02-2026
ST_2020_D001_043,Ranbir Khare,Male,D001,2020-2024,6.3,38.8,04-02-2026
ST_2020_D001_044,Vivaan Roy,Female,D001,2020-2024,8.9,430.6,04-02-2026
ST_2020_D001_045,Eesha Solanki,Female,D001,2020-2024,9.22,5,04-02-2026
ST_2020_D001_046,Libni Doshi,Female,D001,2020-2024,7.58,24.6,04-02-2026
ST_2020_D001_047,Balhaar Date,Female,D001,2020-2024,7.82,26.7,04-02-2026
ST_2020_D001_048,Harish Sarraf,Female,D001,2020-2024,9.29,5.8,04-02-2026
ST_2020_D001_049,Tanmayi Aurora,Male,D001,2020-2024,6.94,28.3,04-02-2026
ST_2020_D001_050,Nimrat Dubey,Female,D001,2020-2024,9.77,41.3,04-02-2026
ST_2020_D001_051,Upasna Lanka,Male,D001,2020-2024,6.89,29,04-02-2026
ST_2020_D001_052,Mitali Buch,Female,D001,2020-2024,7.86,29.6,04-02-2026
ST_2020_D001_053,Lajita Nadig,Male,D001,2020-2024,8.57,14.4,04-02-2026
ST_2020_D001_054,Balendra Biswas,Male,D001,2020-2024,7.97,11.3,04-02-2026
ST_2020_D001_055,Bhavna Karan,Female,D001,2020-2024,8.15,21,04-02-2026
ST_2020_D001_056,Radha Chaudhari,Female,D001,2020-2024,8.68,26.8,04-02-2026
ST_2020_D001_057,Sachi Ganesan,Female,D001,2020-2024,8.91,29.8,04-02-2026
ST_2020_D001_058,Ayush Batra,Female,D001,2020-2024,9.33,42.3,04-02-2026
ST_2020_D001_059,Daksh Memon,Female,D001,2020-2024,7.12,10.6,04-02-2026
ST_2020_D001_060,Kavya Sankar,Male,D001,2020-2024,7.78,38.6,04-02-2026
ST_2020_D002_001,Yash Wali,Female,D002,2020-2024,6.4,25,04-02-2026
ST_2020_D002_002,Pranit Garde,Female,D002,2020-2024,9.91,3.7,04-02-2026
ST_2020_D002_003,Farhan Raja,Male,D002,2020-2024,7.1,42.8,04-02-2026
ST_2020_D002_004,Widisha Dhar,Male,D002,2020-2024,9.3,30.2,04-02-2026
ST_2020_D002_005,Triya Kumar,Male,D002,2020-2024,8.57,3.2,04-02-2026
ST_2020_D002_006,Aadhya Andra,Male,D002,2020-2024,9.98,4,04-02-2026
ST_2020_D002_007,Bhavna Dugar,Male,D002,2020-2024,9.06,26.8,04-02-2026
ST_2020_D002_008,Riya Pai,Male,D002,2020-2024,9.25,15.5,04-02-2026
ST_2020_D002_009,Panini Krishna,Male,D002,2020-2024,6.59,13.2,04-02-2026
ST_2020_D002_010,Chasmum Issac,Male,D002,2020-2024,9.94,24.8,04-02-2026
ST_2020_D002_011,Vasudha Chhabra,Male,D002,2020-2024,9.19,30.1,04-02-2026
ST_2020_D002_012,Lakshmi Parmer,Male,D002,2020-2024,6.1,16.8,04-02-2026
ST_2020_D002_013,Chakrika Bains,Female,D002,2020-2024,9.15,1.7,04-02-2026
ST_2020_D002_014,Anvi Anand,Female,D002,2020-2024,8.69,24.1,04-02-2026
ST_2020_D002_015,Watika Mangat,Female,D002,2020-2024,9.21,23.6,04-02-2026
ST_2020_D002_016,Indira Kanda,Male,D002,2020-2024,6.44,42.6,04-02-2026
ST_2020_D002_017,Zashil Devan,Female,D002,2020-2024,6.17,21.2,04-02-2026
ST_2020_D002_018,Balveer More,Male,D002,2020-2024,9.86,44.9,04-02-2026
ST_2020_D002_019,Bahadurjit Patla,Female,D002,2020-2024,9.39,31.2,04-02-2026
ST_2020_D002_020,Gautam Merchant,Female,D002,2020-2024,7.96,4.2,04-02-2026
ST_2020_D002_021,Ojasvi Gill,Male,D002,2020-2024,6.32,3.9,04-02-2026
ST_2020_D002_022,Kevin Zacharia,Female,D002,2020-2024,7.1,17.8,04-02-2026
ST_2020_D002_023,Yachana Mahajan,Female,D002,2020-2024,8.39,21,04-02-2026
ST_2020_D002_024,Aarini Subramaniam,Male,D002,2020-2024,8.42,35.9,04-02-2026
ST_2020_D002_025,Hamsini Contractor,Male,D002,2020-2024,9.48,19.9,04-02-2026
ST_2020_D002_026,Faqid Dhaliwal,Female,D002,2020-2024,9.55,150.9,04-02-2026
ST_2020_D002_027,Mekhala Pau,Female,D002,2020-2024,7.81,33.1,04-02-2026
ST_2020_D002_028,Megha Atwal,Female,D002,2020-2024,7.25,30.3,04-02-2026
ST_2020_D002_029,Jatin Sha,Male,D002,2020-2024,7.5,31.2,04-02-2026
ST_2020_D002_030,Adweta Raj,Male,D002,2020-2024,7.9,37.6,04-02-2026
ST_2020_D002_031,Hritik Kaur,Male,D002,2020-2024,6.37,33.8,04-02-2026
ST_2020_D002_032,Aryan Narang,Male,D002,2020-2024,7.49,25.5,04-02-2026
ST_2020_D002_033,Dev Shetty,Female,D002,2020-2024,8.35,30.5,04-02-2026
ST_2020_D002_034,Nilima Dada,Female,D002,2020-2024,7.64,39.2,04-02-2026
ST_2020_D002_035,Chakradev Barad,Female,D002,2020-2024,8.88,27.4,04-02-2026
ST_2020_D002_036,Waida D’Alia,Male,D002,2020-2024,7.41,7.8,04-02-2026
ST_2020_D002_037,Wahab Yogi,Female,D002,2020-2024,9.77,38.2,04-02-2026
ST_2020_D002_038,Lipika Setty,Female,D002,2020-2024,7.47,26.3,04-02-2026
ST_2020_D002_039,Oni Dubey,Male,D002,2020-2024,9.23,27.8,04-02-2026
ST_2020_D002_040,Hardik Suri,Female,D002,2020-2024,8.63,2.3,04-02-2026
ST_2020_D002_041,Ati Bali,Female,D002,2020-2024,7.09,41.5,04-02-2026
ST_2020_D002_042,Teerth Sawhney,Male,D002,2020-2024,7.4,39.3,04-02-2026
ST_2020_D002_043,Warinder Patil,Female,D002,2020-2024,8.27,4.1,04-02-2026
ST_2020_D002_044,Jhalak Parmer,Male,D002,2020-2024,8.96,5,04-02-2026
ST_2020_D002_045,Mitali Majumdar,Female,D002,2020-2024,8.12,19.5,04-02-2026
ST_2020_D003_001,Jason Sha,Female,D003,2020-2024,7.36,14.7,04-02-2026
ST_2020_D003_002,Simon Bail,Male,D003,2020-2024,7.3,39.9,04-02-2026
ST_2020_D003_003,Gauri Kohli,Male,D003,2020-2024,6.62,30.7,04-02-2026
ST_2020_D003_004,Samesh Biswas,Female,D003,2020-2024,7.09,22.4,04-02-2026
ST_2020_D003_005,Tarak Kaul,Female,D003,2020-2024,7.77,10.5,04-02-2026
ST_2020_D003_006,Manbir Agate,Female,D003,2020-2024,8.05,19.9,04-02-2026
ST_2020_D003_007,Maanav De,Female,D003,2020-2024,9.52,24.2,04-02-2026
ST_2020_D003_008,Owen Choudhary,Male,D003,2020-2024,7.23,18.4,04-02-2026
ST_2020_D003_009,Karan Aurora,Male,D003,2020-2024,8.4,10,04-02-2026
ST_2020_D003_010,Wazir Naik,Male,D003,2020-2024,9.78,34.6,04-02-2026
ST_2020_D003_011,Owen Lanka,Male,D003,2020-2024,7.16,1.3,04-02-2026
ST_2020_D003_012,Jonathan Sama,Male,D003,2020-2024,8.99,6.7,04-02-2026
ST_2020_D003_013,Devansh Soni,Male,D003,2020-2024,8.13,23,04-02-2026
ST_2020_D003_014,Janaki Varghese,Male,D003,2020-2024,9.71,18.5,04-02-2026
ST_2020_D003_015,Siya Thakur,Female,D003,2020-2024,8.97,1.8,04-02-2026
ST_2020_D003_016,Caleb Verma,Female,D003,2020-2024,9.68,26.3,04-02-2026
ST_2020_D003_017,Tara Balasubramanian,Female,D003,2020-2024,8.29,13.7,04-02-2026
ST_2020_D003_018,Varenya Ratti,Female,D003,2020-2024,7.62,8.6,04-02-2026
ST_2020_D003_019,Hritik Swaminathan,Female,D003,2020-2024,9.79,37.6,04-02-2026
ST_2020_D003_020,Ethan Buch,Male,D003,2020-2024,8.63,11.7,04-02-2026
ST_2020_D003_021,Manbir Bhatti,Male,D003,2020-2024,8.36,18.4,04-02-2026
ST_2020_D003_022,Anvi Nair,Female,D003,2020-2024,9.01,35.3,04-02-2026
ST_2020_D003_023,Chaitaly Setty,Male,D003,2020-2024,9.45,40.9,04-02-2026
ST_2020_D003_024,Hardik Contractor,Male,D003,2020-2024,7.4,11.4,04-02-2026
ST_2020_D003_025,Qushi Seth,Male,D003,2020-2024,6.59,8.6,04-02-2026
ST_2020_D003_026,Odika Nori,Male,D003,2020-2024,6.61,8.8,04-02-2026
ST_2020_D003_027,Mohini Sagar,Female,D003,2020-2024,9.09,210.4,04-02-2026
ST_2020_D003_028,Dhriti Sane,Female,D003,2020-2024,8.25,31,04-02-2026
ST_2020_D003_029,Aadhya Prasad,Female,D003,2020-2024,9.53,39,04-02-2026
ST_2020_D003_030,Urvi Bhavsar,Male,D003,2020-2024,8.51,20.3,04-02-2026
ST_2020_D004_001,Frederick Chander,Female,D004,2020-2024,7.88,36,04-02-2026
ST_2020_D004_002,Gopal Pradhan,Male,D004,2020-2024,9.03,14.7,04-02-2026
ST_2020_D004_003,Darpan Narayan,Male,D004,2020-2024,7.81,17.2,04-02-2026
ST_2020_D004_004,Nirja Pandya,Male,D004,2020-2024,9.47,28.1,04-02-2026
ST_2020_D004_005,Charan Mani,Female,D004,2020-2024,8.03,26.5,04-02-2026
ST_2020_D004_006,Indira Chawla,Male,D004,2020-2024,9.82,20.8,04-02-2026
ST_2020_D004_007,Mohammed Subramaniam,Male,D004,2020-2024,9.24,15.1,04-02-2026
ST_2020_D004_008,Hritik Palla,Male,D004,2020-2024,7.9,43.1,04-02-2026
ST_2020_D004_009,Ishwar Mallick,Female,D004,2020-2024,9.72,44.2,04-02-2026
ST_2020_D004_010,Pushti Bal,Male,D004,2020-2024,6.34,2.7,04-02-2026
ST_2020_D004_011,Ayush Gole,Male,D004,2020-2024,9.99,17,04-02-2026
ST_2020_D004_012,Dayamai Nori,Female,D004,2020-2024,9.67,19,04-02-2026
ST_2020_D004_013,Abeer Golla,Male,D004,2020-2024,7.35,35.7,04-02-2026
ST_2020_D004_014,Nandini Boase,Male,D004,2020-2024,8.59,15.5,04-02-2026
ST_2020_D004_015,Azaan Chand,Female,D004,2020-2024,9.08,32.8,04-02-2026
ST_2020_D004_016,Krisha Saini,Male,D004,2020-2024,9.86,15.7,04-02-2026
ST_2020_D004_017,Harita Dugar,Male,D004,2020-2024,8.33,41.3,04-02-2026
ST_2020_D004_018,Devika Nair,Female,D004,2020-2024,7.24,6.7,04-02-2026
ST_2020_D004_019,Charles Dugal,Male,D004,2020-2024,8.84,14.6,04-02-2026
ST_2020_D004_020,Chandran Bumb,Female,D004,2020-2024,7.51,36.8,04-02-2026
ST_2020_D004_021,Saanvi Samra,Male,D004,2020-2024,9.74,29.4,04-02-2026
ST_2020_D004_022,Riya Sachdeva,Female,D004,2020-2024,9.04,14.6,04-02-2026
ST_2020_D004_023,Tanveer Vala,Female,D004,2020-2024,9.8,42.7,04-02-2026
ST_2020_D004_024,Hemani Sani,Male,D004,2020-2024,7.95,45,04-02-2026
ST_2020_D004_025,Bhanumati Sur,Female,D004,2020-2024,6.62,38.2,04-02-2026
ST_2020_D004_026,Chakradev Kannan,Male,D004,2020-2024,6.4,30.1,04-02-2026
ST_2020_D004_027,Christopher Amble,Female,D004,2020-2024,9.43,7.8,04-02-2026
ST_2020_D004_028,Charvi Kakar,Male,D004,2020-2024,6.72,32.7,04-02-2026
ST_2020_D004_029,Aadhya Mann,Male,D004,2020-2024,9.05,43.7,04-02-2026
ST_2020_D004_030,Jagdish Amble,Female,D004,2020-2024,8.44,11.3,04-02-2026
ST_2020_D005_001,Qushi Gill,Female,D005,2020-2024,9.95,40.8,04-02-2026
ST_2020_D005_002,Lajita Walia,Female,D005,2020-2024,6.78,21.3,04-02-2026
ST_2020_D005_003,Xiti Pandya,Female,D005,2020-2024,7.13,23.1,04-02-2026
ST_2020_D005_004,Mekhala Basak,Male,D005,2020-2024,8.74,36.3,04-02-2026
ST_2020_D005_005,Anirudh Sharaf,Female,D005,2020-2024,6.55,3.3,04-02-2026
ST_2020_D005_006,Dhriti Sanghvi,Female,D005,2020-2024,7.92,25.4,04-02-2026
ST_2020_D005_007,Omisha Mann,Male,D005,2020-2024,9.77,13.5,04-02-2026
ST_2020_D005_008,Nidhi Bail,Male,D005,2020-2024,8.91,37.6,04-02-2026
ST_2020_D005_009,Onveer Sharma,Male,D005,2020-2024,6.37,360.9,04-02-2026
ST_2020_D005_010,Gaurang Sarkar,Male,D005,2020-2024,9.54,19.3,04-02-2026
ST_2020_D005_011,Yagnesh Sarin,Female,D005,2020-2024,7.59,11.4,04-02-2026
ST_2020_D005_012,Farhan Randhawa,Female,D005,2020-2024,9.98,10.9,04-02-2026
ST_2020_D005_013,Harinakshi Kant,Male,D005,2020-2024,7.27,37.9,04-02-2026
ST_2020_D005_014,Om Bose,Male,D005,2020-2024,8.6,7.1,04-02-2026
ST_2020_D005_015,Yashvi Hari,Female,D005,2020-2024,7.15,31.6,04-02-2026
ST_2020_D005_016,Indali Divan,Female,D005,2020-2024,6.56,20.7,04-02-2026
ST_2020_D005_017,Harshil Dhingra,Male,D005,2020-2024,6.02,1.8,04-02-2026
ST_2020_D005_018,Rudra Ghose,Male,D005,2020-2024,6.86,25.1,04-02-2026
ST_2020_D005_019,Faqid Goel,Female,D005,2020-2024,8.91,5.9,04-02-2026
ST_2020_D005_020,Ucchal Sen,Female,D005,2020-2024,7.15,6.4,04-02-2026
ST_2020_D005_021,Diya Dora,Female,D005,2020-2024,6.95,3.8,04-02-2026
ST_2020_D005_022,Ekansh Singh,Female,D005,2020-2024,9.35,27.3,04-02-2026
ST_2020_D005_023,Chavvi Maharaj,Male,D005,2020-2024,9.27,32.6,04-02-2026
ST_2020_D005_024,Indira Tripathi,Male,D005,2020-2024,7.17,28.1,04-02-2026
ST_2020_D005_025,Dayita Shenoy,Female,D005,2020-2024,6.96,9.2,04-02-2026
ST_2020_D005_026,Baljiwan Bhandari,Female,D005,2020-2024,8.67,4,04-02-2026
ST_2020_D005_027,Bhavini Bose,Male,D005,2020-2024,8.1,18.2,04-02-2026
ST_2020_D005_028,Yashica Rajagopalan,Female,D005,2020-2024,7.88,44.2,04-02-2026
ST_2020_D005_029,Benjamin Sengupta,Male,D005,2020-2024,7.01,16.7,04-02-2026
ST_2020_D005_030,Ekanta Soni,Male,D005,2020-2024,6.27,33.2,04-02-2026
ST_2020_D006_001,David Seshadri,Female,D006,2020-2024,8.51,6.9,04-02-2026
ST_2020_D006_002,Hemal Chad,Female,D006,2020-2024,7.41,36.8,04-02-2026
ST_2020_D006_003,Balveer Kota,Female,D006,2020-2024,9.67,44.2,04-02-2026
ST_2020_D006_004,Reva Viswanathan,Male,D006,2020-2024,7.91,36.7,04-02-2026
ST_2020_D006_005,Januja Pradhan,Female,D006,2020-2024,6.25,2.6,04-02-2026
ST_2020_D006_006,Lila Rege,Male,D006,2020-2024,6.81,40,04-02-2026
ST_2020_D006_007,Charles Natt,Female,D006,2020-2024,8.97,44.5,04-02-2026
ST_2020_D006_008,Forum Chandra,Female,D006,2020-2024,8.17,2.6,04-02-2026
ST_2020_D006_009,Bhanumati Krishnan,Female,D006,2020-2024,8.59,16.7,04-02-2026
ST_2020_D006_010,Gauri Bumb,Female,D006,2020-2024,9.8,13,04-02-2026
ST_2020_D006_011,Inaya Mukherjee,Female,D006,2020-2024,9.16,33.7,04-02-2026
ST_2020_D006_012,Kai Chad,Male,D006,2020-2024,9.08,22.8,04-02-2026
ST_2020_D006_013,Krisha Narasimhan,Female,D006,2020-2024,7.99,36.3,04-02-2026
ST_2020_D006_014,Girik Sampath,Male,D006,2020-2024,8.91,19.9,04-02-2026
ST_2020_D006_015,Andrew Patil,Male,D006,2020-2024,9.98,25,04-02-2026
ST_2020_D006_016,Pranit Kala,Male,D006,2020-2024,7.28,15.4,04-02-2026
ST_2020_D006_017,Vedika Handa,Female,D006,2020-2024,7.18,27.5,04-02-2026
ST_2020_D006_018,Laksh Dubey,Female,D006,2020-2024,7.7,16.5,04-02-2026
ST_2020_D006_019,Chakrika Chaudhuri,Female,D006,2020-2024,9.81,28.1,04-02-2026
ST_2020_D006_020,Gayathri Deep,Male,D006,2020-2024,7.74,4.3,04-02-2026
ST_2020_D006_021,Mitesh Gaba,Female,D006,2020-2024,8.55,23.6,04-02-2026
ST_2020_D006_022,Noah Sarma,Male,D006,2020-2024,9,420.9,04-02-2026
ST_2020_D006_023,Nirja Patla,Female,D006,2020-2024,6.57,2.5,04-02-2026
ST_2020_D006_024,Sachi Mane,Female,D006,2020-2024,6.27,16.9,04-02-2026
ST_2020_D006_025,Vivaan Walla,Male,D006,2020-2024,9.8,27.6,04-02-2026
ST_2020_D006_026,Dayamai Singh,Female,D006,2020-2024,8.72,17.4,04-02-2026
ST_2020_D006_027,Jhalak Sastry,Male,D006,2020-2024,9.05,24.3,04-02-2026
ST_2020_D006_028,Baghyawati Raja,Female,D006,2020-2024,7.59,12,04-02-2026
ST_2020_D006_029,Neel Iyengar,Male,D006,2020-2024,6.45,23,04-02-2026
ST_2020_D006_030,Zashil Ben,Female,D006,2020-2024,9.34,35.1,04-02-2026
ST_2020_D006_031,Kamya Chauhan,Male,D006,2020-2024,8.82,44.8,04-02-2026
ST_2020_D006_032,Bhavani Chacko,Female,D006,2020-2024,7.14,9.8,04-02-2026
ST_2020_D006_033,Anjali Sengupta,Male,D006,2020-2024,8.61,40.5,04-02-2026
ST_2020_D006_034,Rajeshri Chand,Male,D006,2020-2024,7.78,36.7,04-02-2026
ST_2020_D006_035,Shravya Palla,Female,D006,2020-2024,9.98,32.2,04-02-2026
ST_2020_D006_036,Oeshi Bera,Female,D006,2020-2024,8.2,40.2,04-02-2026
ST_2020_D006_037,Yadavi Prakash,Male,D006,2020-2024,9.57,35.9,04-02-2026
ST_2020_D006_038,Libni Bumb,Male,D006,2020-2024,8.04,44.3,04-02-2026
ST_2020_D006_039,Udarsh Bala,Female,D006,2020-2024,8.86,2.2,04-02-2026
ST_2020_D006_040,Hardik Nayak,Female,D006,2020-2024,8.22,21.6,04-02-2026
ST_2020_D006_041,Laksh Barad,Male,D006,2020-2024,8.69,3.9,04-02-2026
ST_2020_D006_042,Urmi Dewan,Female,D006,2020-2024,7.59,24.1,04-02-2026
ST_2020_D006_043,Saumya Ahluwalia,Male,D006,2020-2024,9.08,6.5,04-02-2026
ST_2020_D006_044,Anirudh Kunda,Female,D006,2020-2024,8.61,30.9,04-02-2026
ST_2020_D006_045,Mason Wable,Male,D006,2020-2024,7.38,34.8,04-02-2026
ST_2021_D001_001,Indrajit Mani,Male,D001,2021-2025,6.52,37.6,04-02-2026
ST_2021_D001_002,Charvi Dara,Female,D001,2021-2025,8.07,8.2,04-02-2026
ST_2021_D001_003,William Saini,Male,D001,2021-2025,7.29,16.2,04-02-2026
ST_2021_D001_004,Dev Choudhry,Female,D001,2021-2025,9.76,38.2,04-02-2026
ST_2021_D001_005,Amol Varma,Female,D001,2021-2025,7,6.5,04-02-2026
ST_2021_D001_006,Maanas Manne,Male,D001,2021-2025,9.3,27,04-02-2026
ST_2021_D001_007,Aarav Pandit,Male,D001,2021-2025,8.32,30,04-02-2026
ST_2021_D001_008,Omaja Grover,Female,D001,2021-2025,8.88,38.1,04-02-2026
ST_2021_D001_009,Jalsa Bir,Male,D001,2021-2025,9.74,4.6,04-02-2026
ST_2021_D001_010,Madhavi Singhal,Female,D001,2021-2025,9.66,29.6,04-02-2026
ST_2021_D001_011,Lila Prakash,Female,D001,2021-2025,9.07,28.2,04-02-2026
ST_2021_D001_012,Amol Parikh,Female,D001,2021-2025,6.12,29.2,04-02-2026
ST_2021_D001_013,Hemani Khosla,Male,D001,2021-2025,7.21,36.4,04-02-2026
ST_2021_D001_014,Gaurangi Deol,Female,D001,2021-2025,8.74,21,04-02-2026
ST_2021_D001_015,Indira Nigam,Male,D001,2021-2025,8.75,20.3,04-02-2026
ST_2021_D001_016,Ucchal Srinivas,Male,D001,2021-2025,7.94,16,04-02-2026
ST_2021_D001_017,Krishna Bhatnagar,Female,D001,2021-2025,6.57,33.3,04-02-2026
ST_2021_D001_018,Balhaar Memon,Female,D001,2021-2025,9.44,6.8,04-02-2026
ST_2021_D001_019,Caleb Iyengar,Female,D001,2021-2025,9.34,11.6,04-02-2026
ST_2021_D001_020,Diya Mukherjee,Male,D001,2021-2025,9.17,5.3,04-02-2026
ST_2021_D001_021,Urvashi Kulkarni,Female,D001,2021-2025,7.16,39,04-02-2026
ST_2021_D001_022,Rayaan Mangal,Male,D001,2021-2025,7.67,360.8,04-02-2026
ST_2021_D001_023,Champak Narula,Female,D001,2021-2025,9.74,9.4,04-02-2026
ST_2021_D001_024,Jeet Pillai,Female,D001,2021-2025,9.99,22.9,04-02-2026
ST_2021_D001_025,Mugdha Sarraf,Male,D001,2021-2025,7.23,5,04-02-2026
ST_2021_D001_026,Harinakshi Grover,Female,D001,2021-2025,7.57,43.5,04-02-2026
ST_2021_D001_027,Widisha Pillai,Male,D001,2021-2025,9.03,13.4,04-02-2026
ST_2021_D001_028,Fitan Samra,Female,D001,2021-2025,9.76,13.6,04-02-2026
ST_2021_D001_029,Qushi Gole,Male,D001,2021-2025,8.66,39.8,04-02-2026
ST_2021_D001_030,Ekani Chauhan,Female,D001,2021-2025,8.91,17.1,04-02-2026
ST_2021_D001_031,Falak Merchant,Male,D001,2021-2025,7.6,17,04-02-2026
ST_2021_D001_032,Sanaya Sandhu,Female,D001,2021-2025,7.15,23.2,04-02-2026
ST_2021_D001_033,Sachi Panchal,Male,D001,2021-2025,8.92,6.7,04-02-2026
ST_2021_D001_034,Brijesh Pandit,Female,D001,2021-2025,9.06,25.5,04-02-2026
ST_2021_D001_035,Anvi Bhandari,Male,D001,2021-2025,7.46,9.8,04-02-2026
ST_2021_D001_036,Nidra Patla,Male,D001,2021-2025,8.04,3,04-02-2026
ST_2021_D001_037,Azaan Dhar,Female,D001,2021-2025,6.55,36.4,04-02-2026
ST_2021_D001_038,Bakhshi Date,Male,D001,2021-2025,8.72,15.4,04-02-2026
ST_2021_D001_039,Warinder Peri,Female,D001,2021-2025,8.74,27.1,04-02-2026
ST_2021_D001_040,Leela Bali,Female,D001,2021-2025,8.03,32.2,04-02-2026
ST_2021_D001_041,Shivani Prabhakar,Male,D001,2021-2025,7.2,17.2,04-02-2026
ST_2021_D001_042,Sachi Bose,Female,D001,2021-2025,8.7,26.7,04-02-2026
ST_2021_D001_043,Jeevika Rao,Male,D001,2021-2025,9.59,27.3,04-02-2026
ST_2021_D001_044,Arya Krish,Male,D001,2021-2025,9.48,32.7,04-02-2026
ST_2021_D001_045,Atharv Grewal,Female,D001,2021-2025,8.76,7.5,04-02-2026
ST_2021_D001_046,Zarna Ram,Male,D001,2021-2025,8.72,26.2,04-02-2026
ST_2021_D001_047,Adweta Lad,Male,D001,2021-2025,8.8,1.8,04-02-2026
ST_2021_D001_048,Tanish Mangal,Male,D001,2021-2025,7.25,19.2,04-02-2026
ST_2021_D001_049,Ryan Das,Female,D001,2021-2025,6.82,39.4,04-02-2026
ST_2021_D001_050,Ethan Seth,Male,D001,2021-2025,8.59,23.8,04-02-2026
ST_2021_D001_051,Sai Chahal,Female,D001,2021-2025,10,24.1,04-02-2026
ST_2021_D001_052,Idika Bhattacharyya,Female,D001,2021-2025,8.76,25,04-02-2026
ST_2021_D001_053,Charita Dugar,Female,D001,2021-2025,9.8,27.8,04-02-2026
ST_2021_D001_054,Janaki Trivedi,Male,D001,2021-2025,6.77,13.3,04-02-2026
ST_2021_D001_055,Jairaj Iyer,Female,D001,2021-2025,7.19,34.9,04-02-2026
ST_2021_D001_056,Warjas Tak,Female,D001,2021-2025,9.54,14.9,04-02-2026
ST_2021_D001_057,Jalsa Pillay,Female,D001,2021-2025,9.9,13.7,04-02-2026
ST_2021_D001_058,Kai Chadha,Female,D001,2021-2025,8.29,40.4,04-02-2026
ST_2021_D001_059,Dayamai Rao,Female,D001,2021-2025,7.58,43,04-02-2026
ST_2021_D001_060,Nirja Rout,Female,D001,2021-2025,9.22,2.9,04-02-2026
ST_2021_D002_001,Jeremiah Nadig,Female,D002,2021-2025,8.62,29.9,04-02-2026
ST_2021_D002_002,Shivani Shukla,Male,D002,2021-2025,8.99,9.9,04-02-2026
ST_2021_D002_003,Kabir Gopal,Female,D002,2021-2025,8.15,7,04-02-2026
ST_2021_D002_004,Rachita Thakkar,Male,D002,2021-2025,8.46,11.7,04-02-2026
ST_2021_D002_005,Jeet Vasa,Male,D002,2021-2025,8.68,29.1,04-02-2026
ST_2021_D002_006,Daksha Gala,Female,D002,2021-2025,6.21,15.5,04-02-2026
ST_2021_D002_007,Ekantika Kar,Male,D002,2021-2025,7.89,1.2,04-02-2026
ST_2021_D002_008,Zilmil Mander,Male,D002,2021-2025,8.2,18.9,04-02-2026
ST_2021_D002_009,Zashil Hegde,Female,D002,2021-2025,9.74,22,04-02-2026
ST_2021_D002_010,Jeremiah Mitter,Female,D002,2021-2025,6.8,15.1,04-02-2026
ST_2021_D002_011,Yadavi Ganguly,Male,D002,2021-2025,8.58,29.7,04-02-2026
ST_2021_D002_012,Onveer Nazareth,Male,D002,2021-2025,9.61,41.2,04-02-2026
ST_2021_D002_013,Ayush Bumb,Male,D002,2021-2025,6.7,420.1,04-02-2026
ST_2021_D002_014,Alka Kade,Female,D002,2021-2025,6.15,35.7,04-02-2026
ST_2021_D002_015,Azaan Tank,Female,D002,2021-2025,9.62,39.6,04-02-2026
ST_2021_D002_016,Chasmum Subramanian,Male,D002,2021-2025,6.04,41.9,04-02-2026
ST_2021_D002_017,Nidra Mishra,Female,D002,2021-2025,7.34,44.5,04-02-2026
ST_2021_D002_018,Elijah Bhasin,Female,D002,2021-2025,8.17,40.1,04-02-2026
ST_2021_D002_019,Ria Sagar,Female,D002,2021-2025,6.54,13,04-02-2026
ST_2021_D002_020,Ucchal Jani,Female,D002,2021-2025,9.24,8.1,04-02-2026
ST_2021_D002_021,Maanas Munshi,Female,D002,2021-2025,7.84,32.6,04-02-2026
ST_2021_D002_022,Hemani Rastogi,Female,D002,2021-2025,6.06,35.8,04-02-2026
ST_2021_D002_023,Kamala Varma,Male,D002,2021-2025,8.27,8.7,04-02-2026
ST_2021_D002_024,Eiravati Khurana,Female,D002,2021-2025,9.42,37.4,04-02-2026
ST_2021_D002_025,Jason Loke,Male,D002,2021-2025,8.06,18.6,04-02-2026
ST_2021_D002_026,Yug Dhaliwal,Male,D002,2021-2025,6.38,22,04-02-2026
ST_2021_D002_027,Chandresh Mannan,Male,D002,2021-2025,9.74,12.5,04-02-2026
ST_2021_D002_028,Omya Kothari,Female,D002,2021-2025,6.94,43,04-02-2026
ST_2021_D002_029,Falak Munshi,Male,D002,2021-2025,9.58,12.5,04-02-2026
ST_2021_D002_030,Nathaniel Tara,Male,D002,2021-2025,7.44,3.7,04-02-2026
ST_2021_D002_031,Wishi Morar,Female,D002,2021-2025,6.47,8,04-02-2026
ST_2021_D002_032,Arin Chana,Female,D002,2021-2025,8.74,31.4,04-02-2026
ST_2021_D002_033,Yashasvi Shankar,Female,D002,2021-2025,8.55,17.2,04-02-2026
ST_2021_D002_034,Tanveer Pandit,Male,D002,2021-2025,6.88,22,04-02-2026
ST_2021_D002_035,Chandresh Manda,Female,D002,2021-2025,9.98,19.3,04-02-2026
ST_2021_D002_036,Upma Mangal,Male,D002,2021-2025,9.21,34.5,04-02-2026
ST_2021_D002_037,Hritik Sankar,Male,D002,2021-2025,8.72,24.1,04-02-2026
ST_2021_D002_038,Aishani Pau,Male,D002,2021-2025,9.04,3.7,04-02-2026
ST_2021_D002_039,Jasmit Bath,Male,D002,2021-2025,8.19,26.2,04-02-2026
ST_2021_D002_040,Charan Hayer,Female,D002,2021-2025,6.6,38.6,04-02-2026
ST_2021_D002_041,Bhavya Borah,Male,D002,2021-2025,7.77,32.5,04-02-2026
ST_2021_D002_042,Yamini Seshadri,Female,D002,2021-2025,9.85,36.6,04-02-2026
ST_2021_D002_043,Jagat Dave,Female,D002,2021-2025,7.81,21.1,04-02-2026
ST_2021_D002_044,Meera Prakash,Female,D002,2021-2025,6.23,30.6,04-02-2026
ST_2021_D002_045,Jasmit Dhawan,Male,D002,2021-2025,7.23,18.4,04-02-2026
ST_2021_D003_001,Yashodhara Ratti,Male,D003,2021-2025,9.27,26.4,04-02-2026
ST_2021_D003_002,Chakradev Barad,Female,D003,2021-2025,6.18,31.8,04-02-2026
ST_2021_D003_003,Gauri Som,Male,D003,2021-2025,8.16,42.1,04-02-2026
ST_2021_D003_004,Manthan Varma,Female,D003,2021-2025,6.28,2.4,04-02-2026
ST_2021_D003_005,Falak Nagar,Male,D003,2021-2025,7.64,34.7,04-02-2026
ST_2021_D003_006,Maya Mistry,Female,D003,2021-2025,9.91,17.5,04-02-2026
ST_2021_D003_007,Yashica Upadhyay,Female,D003,2021-2025,9.57,39.3,04-02-2026
ST_2021_D003_008,Chandani Soman,Female,D003,2021-2025,9.63,4.5,04-02-2026
ST_2021_D003_009,Jyoti Narula,Male,D003,2021-2025,9.86,29.8,04-02-2026
ST_2021_D003_010,Omaja Morar,Female,D003,2021-2025,8.77,24.3,04-02-2026
ST_2021_D003_011,Urvi Lanka,Male,D003,2021-2025,8.91,37.7,04-02-2026
ST_2021_D003_012,Charan Srinivasan,Female,D003,2021-2025,9.02,210.4,04-02-2026
ST_2021_D003_013,Lajita Divan,Female,D003,2021-2025,8.88,24.4,04-02-2026
ST_2021_D003_014,Azad Choudhary,Male,D003,2021-2025,9.29,21.3,04-02-2026
ST_2021_D003_015,Anirudh Sastry,Male,D003,2021-2025,6.62,42.2,04-02-2026
ST_2021_D003_016,Omya Doshi,Male,D003,2021-2025,8.9,2.4,04-02-2026
ST_2021_D003_017,Samar Roy,Male,D003,2021-2025,8.64,11.6,04-02-2026
ST_2021_D003_018,David Devi,Male,D003,2021-2025,6.27,20.6,04-02-2026
ST_2021_D003_019,Ekta Sridhar,Male,D003,2021-2025,8.69,11.8,04-02-2026
ST_2021_D003_020,Dipta Ghose,Female,D003,2021-2025,6.18,11.3,04-02-2026
ST_2021_D003_021,Hema Pandya,Male,D003,2021-2025,6.87,7.2,04-02-2026
ST_2021_D003_022,Veda Handa,Male,D003,2021-2025,9.97,36.9,04-02-2026
ST_2021_D003_023,Arya Misra,Female,D003,2021-2025,8.93,26.4,04-02-2026
ST_2021_D003_024,Chameli Mani,Female,D003,2021-2025,9.09,11.4,04-02-2026
ST_2021_D003_025,Vrinda Nadig,Male,D003,2021-2025,9.51,19.2,04-02-2026
ST_2021_D003_026,Ikshita Mahal,Male,D003,2021-2025,7.1,28.5,04-02-2026
ST_2021_D003_027,Jairaj Raghavan,Female,D003,2021-2025,7.71,3.1,04-02-2026
ST_2021_D003_028,Hemani Dhingra,Female,D003,2021-2025,7.38,35.6,04-02-2026
ST_2021_D003_029,Brijesh Mani,Female,D003,2021-2025,7.27,19,04-02-2026
ST_2021_D003_030,Hiral Sathe,Female,D003,2021-2025,8.78,11.6,04-02-2026
ST_2021_D004_001,Varenya Kala,Male,D004,2021-2025,9.79,36.5,04-02-2026
ST_2021_D004_002,Anika Magar,Female,D004,2021-2025,9.66,43.6,04-02-2026
ST_2021_D004_003,Ikbal Khatri,Male,D004,2021-2025,8.23,18.1,04-02-2026
ST_2021_D004_004,Chandresh Wali,Male,D004,2021-2025,9,41.6,04-02-2026
ST_2021_D004_005,Viraj Ben,Male,D004,2021-2025,9.39,24.6,04-02-2026
ST_2021_D004_006,Odika Narayanan,Male,D004,2021-2025,9.32,12.8,04-02-2026
ST_2021_D004_007,Harish Devan,Male,D004,2021-2025,8.69,39.4,04-02-2026
ST_2021_D004_008,Nakul Ray,Male,D004,2021-2025,6.75,22.1,04-02-2026
ST_2021_D004_009,Vansha Iyengar,Female,D004,2021-2025,9.48,14.3,04-02-2026
ST_2021_D004_010,Ekani Mangal,Male,D004,2021-2025,9.64,42.2,04-02-2026
ST_2021_D004_011,Gaurav Kata,Male,D004,2021-2025,9.85,33.9,04-02-2026
ST_2021_D004_012,Parth Sahni,Male,D004,2021-2025,9.02,31.6,04-02-2026
ST_2021_D004_013,Balhaar Ranganathan,Female,D004,2021-2025,8.82,41.3,04-02-2026
ST_2021_D004_014,Quincy Mann,Female,D004,2021-2025,8.21,17.7,04-02-2026
ST_2021_D004_015,Aditya Misra,Female,D004,2021-2025,8.13,14.6,04-02-2026
ST_2021_D004_016,Gautami Mane,Female,D004,2021-2025,7.44,21.5,04-02-2026
ST_2021_D004_017,Wakeeta Desai,Female,D004,2021-2025,9.58,41.2,04-02-2026
ST_2021_D004_018,Anjali Hans,Female,D004,2021-2025,7.48,3,04-02-2026
ST_2021_D004_019,Ganga Gaba,Male,D004,2021-2025,9.46,1.7,04-02-2026
ST_2021_D004_020,Aarini Grewal,Female,D004,2021-2025,8.21,14,04-02-2026
ST_2021_D004_021,Geetika Merchant,Male,D004,2021-2025,6.78,17.7,04-02-2026
ST_2021_D004_022,Parth Ravi,Female,D004,2021-2025,9.33,25.2,04-02-2026
ST_2021_D004_023,Yutika Narang,Female,D004,2021-2025,9.77,12.3,04-02-2026
ST_2021_D004_024,Nandini Chandran,Female,D004,2021-2025,9.29,21.3,04-02-2026
ST_2021_D004_025,Logan Sood,Female,D004,2021-2025,8.93,8.4,04-02-2026
ST_2021_D004_026,Yuvraj Ahuja,Female,D004,2021-2025,8.88,9.1,04-02-2026
ST_2021_D004_027,Leela Keer,Male,D004,2021-2025,9.56,24.1,04-02-2026
ST_2021_D004_028,Amara Narayan,Male,D004,2021-2025,9.36,42.6,04-02-2026
ST_2021_D004_029,Advay Lal,Male,D004,2021-2025,8.67,19.1,04-02-2026
ST_2021_D004_030,Warinder Bhatia,Male,D004,2021-2025,9.37,4,04-02-2026
ST_2021_D005_001,Udyati Mohanty,Female,D005,2021-2025,8.83,17.4,04-02-2026
ST_2021_D005_002,Nidra Thakkar,Female,D005,2021-2025,8.47,30,04-02-2026
ST_2021_D005_003,Jacob Merchant,Female,D005,2021-2025,6.06,1.5,04-02-2026
ST_2021_D005_004,Timothy Kanda,Female,D005,2021-2025,8.12,24.6,04-02-2026
ST_2021_D005_005,Vanya Dua,Female,D005,2021-2025,7.15,36.5,04-02-2026
ST_2021_D005_006,Kashvi Sagar,Male,D005,2021-2025,9.64,41.4,04-02-2026
ST_2021_D005_007,Tejas Kota,Male,D005,2021-2025,8.1,9.4,04-02-2026
ST_2021_D005_008,Sanya Wable,Female,D005,2021-2025,8.11,12.8,04-02-2026
ST_2021_D005_009,Faras Choudhury,Female,D005,2021-2025,7.59,43.2,04-02-2026
ST_2021_D005_010,Yashasvi Jain,Male,D005,2021-2025,7.84,44.6,04-02-2026
ST_2021_D005_011,Nitesh Narang,Male,D005,2021-2025,6.9,29.8,04-02-2026
ST_2021_D005_012,Jackson Jha,Male,D005,2021-2025,9.43,5.1,04-02-2026
ST_2021_D005_013,Gavin Uppal,Female,D005,2021-2025,7.52,3.5,04-02-2026
ST_2021_D005_014,Christopher Setty,Male,D005,2021-2025,6.04,4.6,04-02-2026
ST_2021_D005_015,Yochana Sagar,Female,D005,2021-2025,9.38,25.9,04-02-2026
ST_2021_D005_016,Dalbir Shere,Male,D005,2021-2025,9.43,40.4,04-02-2026
ST_2021_D005_017,Anthony Randhawa,Female,D005,2021-2025,8.84,12.9,04-02-2026
ST_2021_D005_018,Aarush Kamdar,Female,D005,2021-2025,9.7,40.6,04-02-2026
ST_2021_D005_019,Chakradev Sampath,Male,D005,2021-2025,8.25,8.9,04-02-2026
ST_2021_D005_020,Devansh Bhasin,Male,D005,2021-2025,9.4,43.3,04-02-2026
ST_2021_D005_021,Urmi Balay,Female,D005,2021-2025,8.35,41.9,04-02-2026
ST_2021_D005_022,Nilima Gole,Male,D005,2021-2025,7.2,25.9,04-02-2026
ST_2021_D005_023,Osha Prasad,Female,D005,2021-2025,9.4,170.9,04-02-2026
ST_2021_D005_024,Saumya Purohit,Male,D005,2021-2025,8.96,23,04-02-2026
ST_2021_D005_025,Faris Zacharia,Male,D005,2021-2025,9.9,5.3,04-02-2026
ST_2021_D005_026,Ijaya Dani,Male,D005,2021-2025,6.93,16,04-02-2026
ST_2021_D005_027,Maya Wadhwa,Female,D005,2021-2025,9.93,43.6,04-02-2026
ST_2021_D005_028,Udant Aggarwal,Female,D005,2021-2025,7.31,35.5,04-02-2026
ST_2021_D005_029,Chanchal Sheth,Male,D005,2021-2025,7.8,16.7,04-02-2026
ST_2021_D005_030,Ladli Karpe,Female,D005,2021-2025,9.76,9.2,04-02-2026
ST_2021_D006_001,Triveni Pal,Female,D006,2021-2025,9.07,36.1,04-02-2026
ST_2021_D006_002,Anya Gulati,Male,D006,2021-2025,8.85,12.8,04-02-2026
ST_2021_D006_003,Azad Saini,Male,D006,2021-2025,7.52,33.5,04-02-2026
ST_2021_D006_004,Wridesh Jhaveri,Male,D006,2021-2025,8.66,42.5,04-02-2026
ST_2021_D006_005,Harrison Bandi,Male,D006,2021-2025,9.64,6.8,04-02-2026
ST_2021_D006_006,Chanakya Konda,Female,D006,2021-2025,9.17,5.5,04-02-2026
ST_2021_D006_007,Neelima Sarna,Male,D006,2021-2025,6.36,27.3,04-02-2026
ST_2021_D006_008,Teerth Bhalla,Female,D006,2021-2025,9.14,1.5,04-02-2026
ST_2021_D006_009,Yahvi Mann,Male,D006,2021-2025,7.66,32.9,04-02-2026
ST_2021_D006_010,Eiravati Nagi,Male,D006,2021-2025,9.99,26.2,04-02-2026
ST_2021_D006_011,Chasmum Dhar,Female,D006,2021-2025,6.68,8.5,04-02-2026
ST_2021_D006_012,Odika Mital,Female,D006,2021-2025,7.08,22.7,04-02-2026
ST_2021_D006_013,Darsh Gill,Female,D006,2021-2025,6.25,13.1,04-02-2026
ST_2021_D006_014,Warhi Batta,Male,D006,2021-2025,7.2,16.9,04-02-2026
ST_2021_D006_015,Lakshmi Vohra,Female,D006,2021-2025,9.78,27.1,04-02-2026
ST_2021_D006_016,Omaja Rege,Male,D006,2021-2025,6.78,7,04-02-2026
ST_2021_D006_017,Charita Puri,Female,D006,2021-2025,6.03,15.6,04-02-2026
ST_2021_D006_018,Urvashi Khosla,Female,D006,2021-2025,8.48,20.4,04-02-2026
ST_2021_D006_019,Charita Dhawan,Male,D006,2021-2025,7.72,14.2,04-02-2026
ST_2021_D006_020,Dalbir Sachar,Male,D006,2021-2025,8.41,22.1,04-02-2026
ST_2021_D006_021,Krish Rama,Female,D006,2021-2025,6.71,43.6,04-02-2026
ST_2021_D006_022,Aadhya Jani,Female,D006,2021-2025,7.17,43.6,04-02-2026
ST_2021_D006_023,Farhan Sengupta,Female,D006,2021-2025,9.13,17.5,04-02-2026
ST_2021_D006_024,George Wason,Female,D006,2021-2025,9.27,17.1,04-02-2026
ST_2021_D006_025,Charan Loyal,Male,D006,2021-2025,9.73,27.1,04-02-2026
ST_2021_D006_026,Balveer Bora,Male,D006,2021-2025,8.18,42.9,04-02-2026
ST_2021_D006_027,Teerth Srinivas,Male,D006,2021-2025,7.85,20.3,04-02-2026
ST_2021_D006_028,Gaurangi Mitter,Male,D006,2021-2025,7.17,37,04-02-2026
ST_2021_D006_029,Siddharth Gupta,Female,D006,2021-2025,9.18,30.6,04-02-2026
ST_2021_D006_030,Varenya Kibe,Female,D006,2021-2025,6.56,11.6,04-02-2026
ST_2021_D006_031,Mekhala Khatri,Female,D006,2021-2025,9.57,4.3,04-02-2026
ST_2021_D006_032,Barkha Rai,Female,D006,2021-2025,9.96,26.6,04-02-2026
ST_2021_D006_033,Jagrati Morar,Female,D006,2021-2025,9.89,24.9,04-02-2026
ST_2021_D006_034,Jagvi Varghese,Female,D006,2021-2025,9.16,31.9,04-02-2026
ST_2021_D006_035,Unnati Chaudhari,Male,D006,2021-2025,9.25,5.8,04-02-2026
ST_2021_D006_036,Ekaja Jani,Female,D006,2021-2025,6.99,8.3,04-02-2026
ST_2021_D006_037,Dhriti Sachdev,Female,D006,2021-2025,8.45,43.5,04-02-2026
ST_2021_D006_038,Timothy Dhingra,Female,D006,2021-2025,7.33,5.7,04-02-2026
ST_2021_D006_039,Advika Sahni,Male,D006,2021-2025,6.39,230.5,04-02-2026
ST_2021_D006_040,Michael Hayre,Male,D006,2021-2025,8.08,20.6,04-02-2026
ST_2021_D006_041,Victor Raghavan,Male,D006,2021-2025,9.66,16.2,04-02-2026
ST_2021_D006_042,Xalak Nazareth,Female,D006,2021-2025,8.66,410.5,04-02-2026
ST_2021_D006_043,Vrinda Swaminathan,Male,D006,2021-2025,9.75,16.3,04-02-2026
ST_2021_D006_044,Om Pandey,Male,D006,2021-2025,7.37,23.9,04-02-2026
ST_2021_D006_045,Logan Suresh,Male,D006,2021-2025,7.39,200.3,04-02-2026
